Sr.,Title,Description
1,sd,sd
2,Kabadi,"test KabadiKabadiKabadiKabadiKabadi"
3,JCsport-category,ok
4,tttt,"testingtytytytytfgfdgfxgfgfdtdhg testing testing testing testing testing testing testing testing testing testing testing testing testing testing testing testing testing testing testing testing testing testing testing testing testing testing testing"
5,test,sdfsdfsdfsd
6,test,sdfsdfsdfsd
7,tttt,fsdfsdfsdf
8,test,sdfsdfsdfsd
9,test,sdfsdfsdfsd
10,Title,Description
11,Kabadi,"test KabadiKabadiKabadiKabadiKabadi"
12,JCsport-category,ok
13,tttt,"testingtytytytytfgfdgfxgfgfdtdhg testing testing testing testing testing testing testing testing testing testing testing testing testing testing testing testing testing testing testing testing testing testing testing testing testing testing testing"
14,test,sdfsdfsdfsd
15,test,sdfsdfsdfsd
16,tttt,fsdfsdfsdf
17,test,sdfsdfsdfsd
18,test,sdfsdfsdfsd
19,Title,Description
20,dfg,dfg
21,Kabadi,"test KabadiKabadiKabadiKabadiKabadi"
22,JCsport-category,ok
23,tttt,"testingtytytytytfgfdgfxgfgfdtdhg testing testing testing testing testing testing testing testing testing testing testing testing testing testing testing testing testing testing testing testing testing testing testing testing testing testing testing"
24,test,sdfsdfsdfsd
25,test,sdfsdfsdfsd
26,tttt,fsdfsdfsdf
27,test,sdfsdfsdfsd
28,test,sdfsdfsdfsd
