id,First Name,Last Name,Email,Phone,Clubs Name,Groups Name,Teams Name,Parent First Name,Parent Last Name
89,teste,test,,"
0796325874",Mike, ,,teste,test
90,player,player,,"
1234567777",Mike, ,,Jacques,player
91,player,player,,"
9632587413",Mike, ,,player,player
92,player,player,,"
9632580741",Mike, ,,player,player
93,player,player,,"
1234567890",, ,,player,player
97,player,player,,"
9632587410",Mike, ,,player,player
99,Tokio,player,eyt@gmail.com,"
744443707",Mike, ,,Tokio,player
100,Number ,player,guryry@gmail.com ,"
1234567899",Mike, ,,Number ,player
102,player,player,,"
0666087138",Mike, ,,player,player
103,player,player,,"
9635827410",, ,,player,player
104,player,player,,"
0101010101",, ,,player,player
105,player,player,,"
0111223344",, ,,player,player
106,player,player,,"
9988665544",, ,,player,player
107,player,player,,"
9966338855",, ,,player,player
